idx,b_mm,theta_lo_deg,theta_hi_deg,theta_a0_deg,midpoint_deg,swing_deg,monotonic
1,-3.5,58.2740090585156,-21.0508839010157,16.9299729263236,18.6115625787499,79.3248929595312,1
2,-3.48597194388778,58.3257856018926,-21.1060391546008,16.9224045804557,18.6098732236459,79.4318247564934,1
3,-3.47194388777555,58.3776952174985,-21.1613221492417,16.9148113337417,18.6081865341284,79.5390173667403,1
4,-3.45791583166333,58.4297383625623,-21.2167332723286,16.9071930632464,18.6065025451168,79.646471634891,1
5,-3.4438877755511,58.4819154960736,-21.2722729125342,16.8995496452253,18.6048212917697,79.7541884086078,1
6,-3.42985971943888,58.5342270787885,-21.3279414598174,16.8918809551175,18.6031428094855,79.8621685386059,1
7,-3.41583166332665,58.5866735732357,-21.3837393054268,16.8841868675394,18.6014671339045,79.9704128786625,1
8,-3.40180360721443,58.639255443722,-21.439666841904,16.8764672562774,18.599794300909,80.0789222856259,1
9,-3.3877755511022,58.6919731563382,-21.4957244630872,16.8687219942815,18.5981243466255,80.1876976194254,1
10,-3.37374749498998,58.7448271789648,-21.5519125641147,16.8609509536583,18.5964573074251,80.2967397430795,1
11,-3.35971943887776,58.7978179812782,-21.6082315414281,16.8531540056635,18.594793219925,80.4060495227063,1
12,-3.34569138276553,58.8509460347557,-21.664681792776,16.8453310206956,18.5931321209899,80.5156278275317,1
13,-3.33166332665331,58.9042118126822,-21.7212637172173,16.837481868288,18.5914740477325,80.6254755298994,1
14,-3.31763527054108,58.957615790155,-21.7779777151245,16.8296064171024,18.5898190375152,80.7355935052796,1
15,-3.30360721442886,59.0111584440906,-21.8348241881877,16.8217045349213,18.5881671279514,80.8459826322783,1
16,-3.28957915831663,59.0648402532293,-21.8918035394172,16.8137760886404,18.586518356906,80.9566437926466,1
17,-3.27555110220441,59.1186616981421,-21.9489161731476,16.8058209442614,18.5848727624972,81.0675778712897,1
18,-3.26152304609218,59.1726232612353,-22.0061624950407,16.7978389668845,18.5832303830973,81.1787857562759,1
19,-3.24749498997996,59.226725426757,-22.0635429120891,16.7898300207009,18.5815912573339,81.2902683388461,1
20,-3.23346693386774,59.2809686808025,-22.12105783262,16.7817939689847,18.5799554240912,81.4020265134225,1
21,-3.21943887775551,59.33535351132,-22.1787076662978,16.7737306740859,18.5783229225111,81.5140611776177,1
22,-3.20541082164329,59.3898804081162,-22.236492824128,16.7656399974217,18.5766937919941,81.6263732322442,1
23,-3.19138276553106,59.4445498628621,-22.2944137184604,16.7575217994693,18.5750680722008,81.7389635813225,1
24,-3.17735470941884,59.4993623690984,-22.3524707629927,16.7493759397578,18.5734458030529,81.851833132091,1
25,-3.16332665330661,59.5543184222413,-22.4106643727733,16.7412022768597,18.571827024734,81.9649827950146,1
26,-3.14929859719439,59.6094185195883,-22.4689949642053,16.7330006683834,18.5702117776915,82.0784134837936,1
27,-3.13527054108216,59.6646631603231,-22.5274629550495,16.7247709709644,18.5686001026368,82.1921261153726,1
28,-3.12124248496994,59.720052845522,-22.5860687644275,16.7165130402575,18.5669920405472,82.3061216099495,1
29,-3.10721442885772,59.7755880781588,-22.6448128128256,16.7082267309279,18.5653876326666,82.4204008909844,1
30,-3.09318637274549,59.8312693631106,-22.7036955220974,16.6999118966432,18.5637869205066,82.534964885208,1
31,-3.07915831663327,59.8870972071634,-22.7627173154679,16.6915683900646,18.5621899458478,82.6498145226313,1
32,-3.06513026052104,59.9430721190172,-22.8218786175359,16.6831960628381,18.5605967507407,82.7649507365532,1
33,-3.05110220440882,59.999194609292,-22.8811798542781,16.674794765586,18.559007377507,82.8803744635701,1
34,-3.03707414829659,60.0554651905327,-22.9406214530518,16.6663643478981,18.5574218687405,82.9960866435845,1
35,-3.02304609218437,60.1118843772149,-23.0002038425982,16.6579046583224,18.5558402673083,83.1120882198131,1
36,-3.00901803607214,60.1684526857499,-23.0599274530462,16.6494155443567,18.5542626163519,83.2283801387961,1
37,-2.99498997995992,60.2251706344907,-23.1197927159147,16.6408968524388,18.552688959288,83.3449633504054,1
38,-2.9809619238477,60.2820387437366,-23.1798000641167,16.6323484279378,18.5511193398099,83.4618388078534,1
39,-2.96693386773547,60.339057535739,-23.239949931962,16.6237701151446,18.5495538018885,83.579007467701,1
40,-2.95290581162325,60.3962275347063,-23.3002427551605,16.6151617572624,18.5479923897729,83.6964702898668,1
41,-2.93887775551102,60.4535492668097,-23.3606789708253,16.6065231963976,18.5464351479922,83.8142282376351,1
42,-2.9248496993988,60.5110232601879,-23.4212590174762,16.5978542735495,18.5448821213558,83.9322822776641,1
43,-2.91082164328657,60.5686500449525,-23.4819833350424,16.5891548286014,18.543333354955,84.0506333799949,1
44,-2.89679358717435,60.626430153193,-23.542852364866,16.5804247003104,18.5417888941635,84.169282518059,1
45,-2.88276553106212,60.6843641189824,-23.6038665497049,16.5716637262972,18.5402487846388,84.2882306686873,1
46,-2.8687374749499,60.7424524783816,-23.6650263337359,16.5628717430367,18.5387130723229,84.4074788121175,1
47,-2.85470941883768,60.8006957694451,-23.7263321625581,16.5540485858477,18.5371818034435,84.5270279320032,1
48,-2.84068136272545,60.8590945322254,-23.7877844831955,16.5451940888822,18.535655024515,84.6468790154209,1
49,-2.82665330661323,60.9176493087787,-23.8493837441005,16.5363080851157,18.5341327823391,84.7670330528792,1
50,-2.812625250501,60.976360643169,-23.9111303951569,16.5273904063365,18.5326151240061,84.8874910383259,1
51,-2.79859719438878,61.035229081474,-23.9730248876824,16.5184408831351,18.5311020968958,85.0082539691564,1
52,-2.78456913827655,61.0942551717889,-24.0350676744324,16.5094593448936,18.5295937486783,85.1293228462213,1
53,-2.77054108216433,61.1534394642322,-24.0972592096025,16.500445619775,18.5280901273149,85.2506986738347,1
54,-2.7565130260521,61.2127825109498,-24.1595999488315,16.4913995347121,18.5265912810592,85.3723824597813,1
55,-2.74248496993988,61.2722848661201,-24.2220903492046,16.4823209153967,18.5250972584577,85.4943752153247,1
56,-2.72845691382766,61.3319470859584,-24.2847308692562,16.4732095862684,18.5236081083511,85.6166779552146,1
57,-2.71442885771543,61.391769728722,-24.3475219689728,16.4640653705032,18.5221238798746,85.7392916976948,1
58,-2.70040080160321,61.4517533547144,-24.4104641097961,16.4548880900024,18.5206446224592,85.8622174645104,1
59,-2.68637274549098,61.5118985262899,-24.4735577546255,16.445677565381,18.5191703858322,85.9854562809154,1
60,-2.67234468937876,61.5722058078585,-24.5368033678214,16.436433615956,18.5177012200186,86.1090091756799,1
61,-2.65831663326653,61.6326757658898,-24.6002014152079,16.4271560597347,18.516237175341,86.2328771810977,1
62,-2.64428857715431,61.6933089689178,-24.6637523640756,16.4178447134029,18.5147783024211,86.3570613329934,1
63,-2.63026052104208,61.7541059875451,-24.7274566831843,16.4084993923129,18.5133246521804,86.4815626707295,1
64,-2.61623246492986,61.8150673944473,-24.7913148427662,16.3991199104713,18.5118762758406,86.6063822372135,1
65,-2.60220440881764,61.8761937643771,-24.855327314528,16.3897060805266,18.5104332249245,86.7315210789051,1
66,-2.58817635270541,61.9374856741685,-24.9194945716545,16.3802577137572,18.508995551257,86.856980245823,1
67,-2.57414829659319,61.9989437027413,-24.9838170888105,16.3707746200585,18.5075633069654,86.9827607915518,1
68,-2.56012024048096,62.0605684311045,-25.0482953421442,16.3612566079305,18.5061365444802,87.1088637732487,1
69,-2.54609218436874,62.122360442361,-25.1129298092893,16.3517034844646,18.5047153165359,87.2352902516503,1
70,-2.53206412825651,62.184320321711,-25.1777209693681,16.3421150553313,18.5032996761714,87.3620412910792,1
71,-2.51803607214429,62.2464486564563,-25.2426693029941,16.3324911247663,18.5018896767311,87.4891179594505,1
72,-2.50400801603206,62.308746036004,-25.3077752922742,16.3228314955581,18.5004853718649,87.6165213282782,1
73,-2.48997995991984,62.3712130518699,-25.3730394208119,16.3131359690337,18.499086815529,87.7442524726818,1
74,-2.47595190380762,62.4338502976828,-25.4384621737093,16.3034043450461,18.4976940619868,87.8723124713921,1
75,-2.46192384769539,62.4966583691878,-25.5040440375701,16.2936364219597,18.4963071658088,88.0007024067578,1
76,-2.44789579158317,62.5596378642496,-25.5697855005018,16.283831996637,18.4949261818739,88.1294233647514,1
77,-2.43386773547094,62.6227893828566,-25.6356870521186,16.2739908644244,18.493551165369,88.2584764349751,1
78,-2.41983967935872,62.6861135271236,-25.7017491835431,16.2641128191382,18.4921821717903,88.3878627106667,1
79,-2.40581162324649,62.7496109012959,-25.7679723874097,16.2541976530502,18.4908192569431,88.5175832887056,1
80,-2.39178356713427,62.8132821117516,-25.8343571578665,16.2442451568732,18.4894624769426,88.6476392696181,1
81,-2.37775551102204,62.8771277670059,-25.9009039905774,16.2342551197463,18.4881118882142,88.7780317575833,1
82,-2.36372745490982,62.941148477713,-25.9676133827252,16.2242273292205,18.4867675474939,88.9087618604382,1
83,-2.3496993987976,63.0053448566701,-26.0344858330133,16.2141615712432,18.4854295118284,89.0398306896835,1
84,-2.33567134268537,63.0697175188199,-26.1015218416685,16.2040576301435,18.4840978385757,89.1712393604884,1
85,-2.32164328657315,63.1342670812532,-26.1687219104427,16.1939152886167,18.4827725854053,89.302988991696,1
86,-2.30761523046092,63.1989941632123,-26.2360865426158,16.1837343277089,18.4814538102983,89.4350807058282,1
87,-2.2935871743487,63.2638993860931,-26.3036162429974,16.1735145268012,18.4801415715478,89.5675156290905,1
88,-2.27955911823647,63.3289833734477,-26.3713115179294,16.1632556635942,18.4788359277592,89.7002948913771,1
89,-2.26553106212425,63.3942467509875,-26.4391728752876,16.1529575140915,18.4775369378499,89.833419626275,1
90,-2.25150300601202,63.4596901465847,-26.5072008244845,16.1426198525841,18.4762446610501,89.9668909710692,1
91,-2.2374749498998,63.5253141902753,-26.5753958764711,16.1322424516335,18.4749591569021,90.1007100667463,1
92,-2.22344689378758,63.5911195142609,-26.6437585437387,16.1218250820555,18.4736804852611,90.2348780579996,1
93,-2.20941883767535,63.6571067529111,-26.7122893403214,16.1113675129031,18.4724087062949,90.3693960932326,1
94,-2.19539078156313,63.7232765427651,-26.7809887817979,16.10086951145,18.4711438804836,90.504265324563,1
95,-2.1813627254509,63.789629522534,-26.8498573852933,16.090330843173,18.4698860686204,90.6394869078273,1
96,-2.16733466933868,63.8561663331023,-26.9188956694814,16.0797512717351,18.4686353318105,90.7750620025837,1
97,-2.15330661322645,63.9228876175296,-26.9881041545863,16.0691305589675,18.4673917314717,90.9109917721158,1
98,-2.13927855711423,63.9897940210523,-27.0574833623843,16.0584684648522,18.466155329334,91.0472773834366,1
99,-2.125250501002,64.056886191085,-27.1270338162062,16.047764747504,18.4649261874394,91.1839200072912,1
100,-2.11122244488978,64.1241647772218,-27.1967560409383,16.0370191631521,18.4637043681417,91.3209208181601,1
101,-2.09719438877756,64.1916304312376,-27.2666505630248,16.026231466122,18.4624899341064,91.4582809942624,1
102,-2.08316633266533,64.2592838070891,-27.3367179104693,16.0154014088168,18.4612829483099,91.5960017175584,1
103,-2.06913827655311,64.3271255609158,-27.4069586128365,16.0045287416984,18.4600834740397,91.7340841737523,1
104,-2.05511022044088,64.3951563510409,-27.4773732012539,15.9936132132685,18.4588915748935,91.8725295522949,1
105,-2.04108216432866,64.4633768379721,-27.5479622084135,15.9826545700494,18.4577073147793,92.0113390463857,1
106,-2.02705410821643,64.5317876844021,-27.6187261685732,15.9716525565643,18.4565307579145,92.1505138529753,1
107,-2.01302605210421,64.6003895552091,-27.6896656175584,15.9606069153179,18.4553619688253,92.2900551727675,1
108,-1.99899799599198,64.669183117457,-27.7607810927637,15.9495173867761,18.4542010123467,92.4299642102207,1
109,-1.98496993987976,64.7381690403961,-27.8320731331541,15.9383837093463,18.453047953621,92.5702421735502,1
110,-1.97094188376753,64.8073479954625,-27.9035422792667,15.9272056193566,18.4519028580979,92.7108902747291,1
111,-1.95691382765531,64.8767206562785,-27.9751890732117,15.9159828510351,18.4507657915334,92.8519097294903,1
112,-1.94288577154309,64.9462876986524,-28.0470140586745,15.9047151364894,18.449636819989,92.9933017573269,1
113,-1.92885771543086,65.0160498005778,-28.1190177809159,15.8934022056851,18.4485160098309,93.1350675814937,1
114,-1.91482965931864,65.0860076422333,-28.1912007867746,15.8820437864245,18.4474034277293,93.277208429008,1
115,-1.90080160320641,65.156161905982,-28.2635636246675,15.8706396043248,18.4462991406573,93.4197255306496,1
116,-1.88677354709419,65.2265132763705,-28.3361068445913,15.8591893827965,18.4452032158896,93.5626201209618,1
117,-1.87274549098196,65.2970624401279,-28.4088309981235,15.847692843021,18.4441157210022,93.7058934382514,1
118,-1.85871743486974,65.3678100861649,-28.4817366384238,15.8361497039279,18.4430367238706,93.8495467245887,1
119,-1.84468937875752,65.4387569055723,-28.5548243202348,15.8245596821729,18.4419662926687,93.9935812258071,1
120,-1.83066132264529,65.5099035916196,-28.6280945998833,15.8129224921141,18.4409044958682,94.1379981915029,1
121,-1.81663326653307,65.5812508397537,-28.701548035281,15.8012378457892,18.4398514022364,94.2827988750347,1
122,-1.80260521042084,65.6527993475966,-28.7751851859257,15.7895054528917,18.4388070808355,94.4279845335223,1
123,-1.78857715430862,65.7245498149438,-28.849006612902,15.7777250207473,18.4377716010209,94.5735564278459,1
124,-1.77454909819639,65.7965029437622,-28.9230128788825,15.7658962542892,18.4367450324399,94.7195158226448,1
125,-1.76052104208417,65.8686594381877,-28.997204548128,15.7540188560345,18.4357274450298,94.8658639863157,1
126,-1.74649298597194,65.9410200045225,-29.0715821864888,15.7420925260587,18.4347189090168,95.0126021910113,1
127,-1.73246492985972,66.0135853512329,-29.1461463614051,15.7301169619709,18.4337194949139,95.159731712638,1
128,-1.7184368737475,66.086356188946,-29.2208976419079,15.7180918588888,18.4327292735191,95.3072538308539,1
129,-1.70440881763527,66.1593332304472,-29.2958365986194,15.7060169094125,18.4317483159139,95.4551698290666,1
130,-1.69038076152305,66.2325171906762,-29.3709638037537,15.6938918035987,18.4307766934613,95.6034809944299,1
131,-1.67635270541082,66.3059087867243,-29.4462798311172,15.6817162289347,18.4298144778036,95.7521886178416,1
132,-1.6623246492986,66.3795087378304,-29.5217852561094,15.6694898703113,18.4288617408605,95.9012939939398,1
133,-1.64829659318637,66.4533177653772,-29.5974806557228,15.6572124099961,18.4279185548272,96.0507984211,1
134,-1.63426853707415,66.5273365928872,-29.6733666085438,15.6448835276064,18.4269849921717,96.2007032014309,1
135,-1.62024048096192,66.6015659460183,-29.7494436947527,15.6325029000809,18.4260611256328,96.351009640771,1
136,-1.6062124248497,66.6760065525598,-29.8257124961241,15.6200702016525,18.4251470282178,96.5017190486839,1
137,-1.59218436873748,66.7506591424272,-29.9021735960273,15.6075851038194,18.4242427731999,96.6528327384545,1
138,-1.57815631262525,66.8255244476575,-29.9788275794261,15.5950472753167,18.4233484341157,96.8043520270835,1
139,-1.56412825651303,66.9006032024041,-30.0556750328792,15.5824563820874,18.4224640847625,96.9562782352833,1
140,-1.5501002004008,66.9758961429316,-30.1327165445402,15.5698120872525,18.4215897991957,97.1086126874718,1
141,-1.53607214428858,67.0514040076098,-30.2099527041579,15.5571140510818,18.420725651726,97.2613567117677,1
142,-1.52204408817635,67.1271275369084,-30.2873841030758,15.5443619309635,18.4198717169163,97.4145116399842,1
143,-1.50801603206413,67.2030674733905,-30.3650113342323,15.5315553813736,18.4190280695791,97.5680788076228,1
144,-1.4939879759519,67.2792245617065,-30.4428349921608,15.5186940538448,18.4181947847729,97.7220595538673,1
145,-1.47995991983968,67.3555995485878,-30.520855672989,15.5057775969358,18.4173719377994,97.8764552215768,1
146,-1.46593186372745,67.4321931828396,-30.5990739744391,15.4928056561987,18.4165596042002,98.0312671572787,1
147,-1.45190380761523,67.509006215334,-30.6774904958275,15.4797778741475,18.4157578597533,98.1864967111615,1
148,-1.43787575150301,67.586039399003,-30.7561058380641,15.4666938902254,18.4149667804694,98.3421452370671,1
149,-1.42384769539078,67.6632934888304,-30.8349206036525,15.4535533407715,18.4141864425889,98.4982140924829,1
150,-1.40981963927856,67.7407692418444,-30.9139353966891,15.4403558589879,18.4134169225776,98.6547046385335,1
151,-1.39579158316633,67.8184674171094,-30.9931508228628,15.4271010749057,18.4126582971233,98.8116182399721,1
152,-1.38176352705411,67.8963887757176,-31.0725674894542,15.4137886153504,18.4119106431317,98.9689562651718,1
153,-1.36773547094188,67.9745340807804,-31.1521860053357,15.4004181039077,18.4111740377224,99.1267200861161,1
154,-1.35370741482966,68.0529040974194,-31.23200698097,15.3869891608881,18.4104485582247,99.2849110783894,1
155,-1.33967935871743,68.1314995927573,-31.3120310284099,15.3735014032912,18.4097342821737,99.4435306211672,1
156,-1.32565130260521,68.2103213359084,-31.3922587612975,15.3599544447698,18.4090312873055,99.6025800972059,1
157,-1.31162324649299,68.2893700979686,-31.4726907948633,15.3463478955932,18.4083396515527,99.7620608928319,1
158,-1.29759519038076,68.3686466520056,-31.5533277459252,15.3326813626103,18.4076594530402,99.9219743979308,1
159,-1.28356713426854,68.4481517730484,-31.634170232888,15.3189544492119,18.4069907700802,100.082322005936,1
160,-1.26953907815631,68.5278862380765,-31.7152188757421,15.3051667552928,18.4063336811672,100.243105113819,1
161,-1.25551102204409,68.607850826009,-31.7964742960623,15.2913178772134,18.4056882649733,100.404325122071,1
162,-1.24148296593186,68.6880463176931,-31.8779371170073,15.2774074077605,18.4050546003429,100.5659834347,1
163,-1.22745490981964,68.7684734958929,-31.959607963318,15.2634349361078,18.4044327662875,100.728081459211,1
164,-1.21342685370741,68.849133145277,-32.0414874613166,15.2494000477758,18.4038228419802,100.890620606594,1
165,-1.19939879759519,68.930026052406,-32.1235762389053,15.2353023245915,18.4032249067503,101.053602291311,1
166,-1.18537074148297,69.0111530057205,-32.205874925565,15.2211413446466,18.4026390400778,101.217027931286,1
167,-1.17134268537074,69.0925147955278,-32.2883841523539,15.2069166822566,18.402065321587,101.380898947882,1
168,-1.15731462925852,69.1741122139884,-32.3711045519061,15.192627907918,18.4015038310411,101.545216765894,1
169,-1.14328657314629,69.2559460551024,-32.4540367584302,15.1782745882657,18.4009546483361,101.709982813533,1
170,-1.12925851703407,69.3380171146958,-32.5371814077078,15.1638562860296,18.400417853494,101.875198522404,1
171,-1.11523046092184,69.4203261904057,-32.6205391370917,15.1493725599906,18.399893526657,102.040865327497,1
172,-1.10120240480962,69.5028740816658,-32.7041105855045,15.1348229649359,18.3993817480806,102.20698466717,1
173,-1.08717434869739,69.5856615896909,-32.787896393437,15.1202070516142,18.3988825981269,102.373557983128,1
174,-1.07314629258517,69.668689517462,-32.8718972029462,15.1055243666894,18.3983961572579,102.540586720408,1
175,-1.05911823647295,69.7519586697099,-32.9561136576535,15.0907744526948,18.3979225060282,102.708072327363,1
176,-1.04509018036072,69.8354698528991,-33.0405464027432,15.0759568479853,18.3974617250779,102.876016255642,1
177,-1.0310621242485,69.9192238752113,-33.1251960849604,15.0610710866905,18.3970138951254,103.044419960172,1
178,-1.01703406813627,70.0032215465281,-33.2100633526089,15.0461166986659,18.3965790969596,103.213284899137,1
179,-1.00300601202405,70.0874636784134,-33.2951488555494,15.0310932094439,18.396157411432,103.382612533963,1
180,-0.988977955911824,70.1719510840963,-33.3804532451973,15.0160001401843,18.3957489194495,103.552404329294,1
181,-0.974949899799599,70.2566845784517,-33.465977174521,15.0008370076239,18.3953537019654,103.722661752973,1
182,-0.960921843687375,70.3416649779826,-33.5517212980391,14.9856033240254,18.3949718399718,103.893386276022,1
183,-0.94689378757515,70.4268931008003,-33.6376862718186,14.9702985971257,18.3946034144909,104.064579372619,1
184,-0.932865731462926,70.5123697666053,-33.7238727534726,14.9549223300832,18.3942485065663,104.236242520078,1
185,-0.918837675350701,70.5980957966668,-33.810281402158,14.939474021425,18.3939071972544,104.408377198825,1
186,-0.904809619238477,70.684072013803,-33.896912878573,14.9239531649927,18.393579567615,104.580984892376,1
187,-0.890781563126253,70.7702992423594,-33.9837678449549,14.9083592498875,18.3932656987022,104.754067087314,1
188,-0.876753507014028,70.856778308188,-34.0708469650775,14.8926917604151,18.3929656715552,104.927625273265,1
189,-0.862725450901804,70.9435100386254,-34.1581509042485,14.8769501760294,18.3926795671884,105.101660942874,1
190,-0.848697394789579,71.0304952624704,-34.2456803293073,14.861133971275,18.3924074665816,105.276175591778,1
191,-0.834669338677355,71.1177348099615,-34.3334359086221,14.8452426157302,18.3921494506697,105.451170718584,1
192,-0.82064128256513,71.2052295127534,-34.4214183120872,14.8292755739474,18.3919056003331,105.626647824841,1
193,-0.806613226452906,71.2929802038934,-34.5096282111207,14.8132323053942,18.3916759963863,105.802608415014,1
194,-0.792585170340681,71.3809877177974,-34.5980662786615,14.797112264393,18.391460719568,105.979053996459,1
195,-0.778557114228457,71.4692528902251,-34.6867331891664,14.7809149000597,18.3912598505294,106.155986079392,1
196,-0.764529058116233,71.5577765582547,-34.7756296186076,14.7646396562416,18.3910734698235,106.333406176862,1
197,-0.750501002004008,71.6465595602571,-34.8647562444696,14.7482859714544,18.3909016578938,106.511315804727,1
198,-0.736472945891784,71.7356027358703,-34.9541137457466,14.7318532788186,18.3907444950619,106.689716481617,1
199,-0.722444889779559,71.8249069259719,-35.0437028029391,14.7153410059944,18.3906020615164,106.868609728911,1
200,-0.708416833667335,71.9144729726522,-35.1335240980513,14.6987485751161,18.3904744373004,107.047997070704,1
201,-0.69438877755511,72.0043017191864,-35.2235783145882,14.6820754027257,18.3903617022991,107.227880033775,1
202,-0.680360721442886,72.0943940100063,-35.313866137552,14.6653208997049,18.3902639362272,107.408260147558,1
203,-0.666332665330661,72.1847506906712,-35.4043882534395,14.6484844712066,18.3901812186158,107.589138944111,1
204,-0.652304609218437,72.2753726078386,-35.4951453502392,14.6315655165854,18.3901136287997,107.770517958078,1
205,-0.638276553106212,72.366260609234,-35.5861381174272,14.6145634293271,18.3900612459034,107.952398726661,1
206,-0.624248496993988,72.4574155436208,-35.6773672459654,14.5974775969764,18.3900241488277,108.134782789586,1
207,-0.610220440881764,72.5488382607684,-35.7688334282968,14.5803074010653,18.3900024162358,108.317671689065,1
208,-0.596192384769539,72.6405296114211,-35.8605373583437,14.5630522170382,18.3899961265387,108.501066969765,1
209,-0.582164328657315,72.7324904472654,-35.9524797315034,14.545711414178,18.390005357881,108.684970178769,1
210,-0.56813627254509,72.8247216208971,-36.0446612446456,14.5282843555293,18.3900301881257,108.869382865543,1
211,-0.554108216432866,72.9172239857879,-36.1370825961085,14.5107703978221,18.3900706948397,109.054306581896,1
212,-0.540080160320641,73.0099983962512,-36.2297444856963,14.493168891393,18.3901269552775,109.239742881948,1
213,-0.526052104208417,73.1030457074071,-36.322647614675,14.4754791801061,18.3901990463661,109.425693322082,1
214,-0.512024048096192,73.1963667751474,-36.4157926857696,14.4577006012725,18.3902870446889,109.612159460917,1
215,-0.497995991983968,73.2899624560991,-36.5091804031607,14.4398324855682,18.3903910264692,109.79914285926,1
216,-0.483967935871743,73.383833607588,-36.602811472481,14.4218741569516,18.3905110675535,109.986645080069,1
217,-0.469939879759519,73.4779810876014,-36.696686600812,14.4038249325788,18.3906472433947,110.174667688413,1
218,-0.455911823647295,73.57240575475,-36.7908064966805,14.3856841227184,18.3907996290347,110.36321225143,1
219,-0.44188376753507,73.6671084682291,-36.8851718700555,14.3674510306644,18.3909682990868,110.552280338285,1
220,-0.427855711422846,73.7620900877797,-36.9797834323444,14.3491249526488,18.3911533277177,110.741873520124,1
221,-0.413827655310621,73.857351473648,-37.0746418963901,14.3307051777511,18.3913547886289,110.931993370038,1
222,-0.399799599198397,73.9528934865449,-37.1697479764674,14.3121909878084,18.3915727550388,111.122641463012,1
223,-0.385771543086172,74.0487169876048,-37.2651023882793,14.2935816573231,18.3918072996627,111.313819375884,1
224,-0.371743486973948,74.1448228383432,-37.3607058489544,14.2748764533686,18.3920584946944,111.505528687298,1
225,-0.357715430861723,74.2412119006142,-37.4565590770427,14.2560746354955,18.3923264117858,111.697770977657,1
226,-0.343687374749499,74.3378850365666,-37.552662792513,14.2371754556338,18.3926111220268,111.89054782908,1
227,-0.329659318637275,74.4348431085998,-37.6490177167492,14.218178157996,18.3929126959253,112.083860825349,1
228,-0.31563126252505,74.532086979319,-37.7456245725471,14.1990819789772,18.393231203386,112.277711551866,1
229,-0.301603206412826,74.6296175114894,-37.842484084111,14.1798861470541,18.3935667136892,112.4721015956,1
230,-0.287575150300601,74.7274355679893,-37.9395969770509,14.1605898826823,18.3939192954692,112.66703254504,1
231,-0.273547094188377,74.8255420117636,-38.0369639783789,14.1411923981927,18.3942890166924,112.862505990142,1
232,-0.259519038076152,74.923937705775,-38.134585816506,14.121692897685,18.3946759446345,113.058523522281,1
233,-0.245490981963928,75.0226235129558,-38.2324632212396,14.1020905769209,18.3950801458581,113.255086734195,1
234,-0.231462925851703,75.1216002961582,-38.3305969237795,14.0823846232144,18.3955016861894,113.452197219938,1
235,-0.217434869739479,75.2208689181037,-38.4289876567158,14.0625742153214,18.3959406306939,113.649856574819,1
236,-0.203406813627255,75.320430241332,-38.5276361540253,14.0426585233272,18.3963970436534,113.848066395357,1
237,-0.18937875751503,75.4202851281494,-38.6265431510689,14.0226367085318,18.3968709885403,114.046828279218,1
238,-0.175350701402806,75.5204344405757,-38.7257093845886,14.0025079233339,18.3973625279935,114.246143825164,1
239,-0.161322645290581,75.6208790402904,-38.8251355927051,13.9822713111131,18.3978717237926,114.446014632995,1
240,-0.147294589178357,75.7216197885786,-38.9248225149146,13.9619260061096,18.398398636832,114.646442303493,1
241,-0.133266533066132,75.8226575462759,-39.0247708920864,13.941471133303,18.3989433270947,114.847428438362,1
242,-0.119238476953908,75.9239931737115,-39.1249814664605,13.920905808288,18.3995058536255,115.048974640172,1
243,-0.105210420841683,76.0256275306519,-39.2254549816451,13.9002291371493,18.4000862745034,115.251082512297,1
244,-0.0911823647294589,76.1275614762428,-39.3261921826141,13.8794402163333,18.4006846468144,115.453753658857,1
245,-0.0771543086172345,76.2297958689505,-39.4271938157049,13.8585381325186,18.4013010266228,115.656989684655,1
246,-0.06312625250501,76.3323315665019,-39.5284606286166,13.8375219624843,18.4019354689426,115.860792195119,1
247,-0.0490981963927856,76.4351694258245,-39.6299933704075,13.8163907729756,18.4025880277085,116.065162796232,1
248,-0.0350701402805611,76.5383103029846,-39.7317927914935,13.7951436205679,18.4032587557456,116.270103094478,1
249,-0.0210420841683367,76.6417550531252,-39.8338596436461,13.7737795515284,18.4039477047396,116.475614696771,1
250,-0.00701402805611222,76.7455045304026,-39.9361946799911,13.7522976016753,18.4046549252057,116.681699210394,1
251,0.00701402805611222,76.8495595879223,-40.0387986550067,13.7306967962349,18.4053804664578,116.888358242929,1
252,0.0210420841683367,76.9539210776742,-40.1416723245226,13.7089761496964,18.4061243765758,117.095593402197,1
253,0.0350701402805611,77.058589850466,-40.2448164457183,13.6871346656641,18.4068867023739,117.303406296184,1
254,0.0490981963927856,77.1635667558565,-40.3482317771223,13.6651713367074,18.4076674893671,117.511798532979,1
255,0.06312625250501,77.2688526420879,-40.4519190786114,13.6430851442081,18.4084667817383,117.720771720699,1
256,0.0771543086172345,77.3744483560165,-40.5558791114098,13.6208750582051,18.4092846223034,117.930327467426,1
257,0.0911823647294589,77.4803547430429,-40.6601126380885,13.5985400372371,18.4101210524772,118.140467381131,1
258,0.105210420841683,77.5865726470412,-40.7646204225655,13.576079028182,18.4109761122379,118.351193069607,1
259,0.119238476953908,77.6931029102871,-40.869403230105,13.5534909660938,18.4118498400911,118.562506140392,1
260,0.133266533066132,77.7999463733853,-40.9744618273179,13.530774774037,18.4127422730337,118.774408200703,1
261,0.147294589178357,77.9071038751947,-41.0797969821623,13.5079293629181,18.4136534465162,118.986900857357,1
262,0.161322645290581,78.0145762527549,-41.1854094639436,13.4849536313142,18.4145833944057,119.199985716699,1
263,0.175350701402806,78.1223643412091,-41.2913000433158,13.4618464652985,18.4155321489467,119.413664384525,1
264,0.18937875751503,78.2304689737276,-41.3974694922821,13.4386067382635,18.4164997407228,119.62793846601,1
265,0.203406813627255,78.33889098143,-41.5039185841967,13.4152333107402,18.4174861986167,119.842809565627,1
266,0.217434869739479,78.4476311933056,-41.6106480937659,13.3917250302155,18.4184915497699,120.058279287071,1
267,0.231462925851703,78.5566904361338,-41.7176587970504,13.3680807309452,18.4195158195417,120.274349233184,1
268,0.245490981963928,78.6660695344028,-41.8249514714672,13.3442992337646,18.4205590314678,120.49102100587,1
269,0.259519038076152,78.7757693102272,-41.9325268957924,13.3203793458955,18.4216212072174,120.70829620602,1
270,0.273547094188377,78.8857905832647,-42.0403858501635,13.2963198607503,18.4227023665506,120.926176433428,1
271,0.287575150300601,78.9961341706317,-42.1485291160831,13.272119557732,18.4238025272743,121.144663286715,1
272,0.301603206412826,79.1068008868179,-42.256957476422,13.2477772020314,18.4249217051979,121.36375836324,1
273,0.31563126252505,79.2177915435996,-42.3656717154232,13.2232915444205,18.4260599140882,121.583463259023,1
274,0.329659318637275,79.3291069499518,-42.4746726187061,13.1986613210422,18.4272171656228,121.803779568658,1
275,0.343687374749499,79.4407479119595,-42.5839609732711,13.1738852531968,18.4283934693442,122.024708885231,1
276,0.357715430861723,79.5527152327278,-42.6935375675045,13.1489620471237,18.4295888326116,122.246252800232,1
277,0.371743486973948,79.6650097122904,-42.8034031911842,13.1238903937809,18.4308032605531,122.468412903475,1
278,0.385771543086172,79.7776321475176,-42.9135586354852,13.0986689686189,18.4320367560162,122.691190783003,1
279,0.399799599198397,79.8905833320231,-43.0240046929861,13.0732964313519,18.4332893195185,122.914588025009,1
280,0.413827655310621,80.0038640560689,-43.1347421576759,13.0477714257243,18.4345609491965,123.138606213745,1
281,0.427855711422846,80.1174751064698,-43.2457718249611,13.0220925792731,18.4358516407543,123.363246931431,1
282,0.44188376753507,80.2314172664964,-43.3570944916733,12.9962585030862,18.4371613874115,123.58851175817,1
283,0.455911823647295,80.3456913157775,-43.4687109560781,12.9702677915565,18.4384901798497,123.814402271856,1
284,0.469939879759519,80.4602980301998,-43.5806220178829,12.9441190221313,18.4398380061584,124.040920048083,1
285,0.483967935871743,80.5752381818083,-43.692828478247,12.9178107550574,18.4412048517806,124.268066660055,1
286,0.497995991983968,80.6905125387044,-43.8053311397914,12.8913415331214,18.4425906994565,124.495843678496,1
287,0.512024048096192,80.8061218649428,-43.9181308066087,12.8647098813856,18.4439955291671,124.724252671552,1
288,0.526052104208417,80.9220669204276,-44.031228284275,12.8379143069191,18.4454193180763,124.953295204703,1
289,0.540080160320641,81.0383484608067,-44.1446243798612,12.8109532985233,18.4468620404728,125.182972840668,1
290,0.554108216432866,81.1549672373659,-44.2583199019452,12.7838253264538,18.4483236677103,125.413287139311,1
291,0.56813627254509,81.2719239969203,-44.3723156606255,12.7565288421356,18.4498041681474,125.644239657546,1
292,0.582164328657315,81.389219481706,-44.4866124675344,12.7290622778744,18.4513035070858,125.87583194924,1
293,0.596192384769539,81.5068544292694,-44.6012111358528,12.7014240465616,18.4528216467083,126.108065565122,1
294,0.610220440881764,81.6248295723559,-44.7161124803253,12.6736125413747,18.4543585460153,126.340942052681,1
295,0.624248496993988,81.7431456387972,-44.8313173172762,12.6456261354714,18.4559141607605,126.574462956073,1
296,0.638276553106212,81.8618033513971,-44.9468264646262,12.6174631816789,18.4574884433854,126.808629816023,1
297,0.652304609218437,81.9808034278165,-45.0626407419102,12.5891220121762,18.4590813429531,127.043444169727,1
298,0.666332665330661,82.1001465804567,-45.1787609702954,12.5606009381716,18.4606928050806,127.278907550752,1
299,0.680360721442886,82.2198335163416,-45.2951879726011,12.5318982495736,18.4623227718703,127.515021488943,1
300,0.69438877755511,82.3398649369989,-45.4119225733182,12.5030122146559,18.4639711818403,127.751787510317,1
301,0.708416833667335,82.4602415383392,-45.5289655986311,12.4739410797155,18.465637969854,127.98920713697,1
302,0.722444889779559,82.580964010535,-45.6463178764394,12.4446830687253,18.4673230670478,128.227281886974,1
303,0.736472945891784,82.7020330378973,-45.763980236381,12.4152363829791,18.4690264007581,128.466013274278,1
304,0.750501002004008,82.8234492987519,-45.8819535098564,12.3855992007307,18.4707478944478,128.705402808608,1
305,0.764529058116233,82.9452134653132,-46.0002385300536,12.3557696768253,18.4724874676298,128.945451995367,1
306,0.778557114228457,83.0673262035583,-46.1188361319749,12.325745942325,18.4742450357917,129.186162335533,1
307,0.792585170340681,83.189788173098,-46.2377471524635,12.2955261041254,18.4760205103172,129.427535325562,1
308,0.806613226452906,83.3126000270482,-46.356972430233,12.2651082445668,18.4778137984076,129.669572457281,1
309,0.82064128256513,83.4357624118988,-46.4765128058962,12.2344904210362,18.4796248030013,129.912275217795,1
310,0.834669338677355,83.5592759673817,-46.5963691219969,12.2036706655628,18.4814534226924,130.155645089379,1
311,0.848697394789579,83.6831413263379,-46.7165422230418,12.1726469844047,18.483299551648,130.39968354938,1
312,0.862725450901804,83.8073591145824,-46.837032955534,12.1414173576283,18.4851630795242,130.644392070116,1
313,0.876753507014028,83.9319299507687,-46.9578421680081,12.109979738679,18.4870438913803,130.889772118777,1
314,0.890781563126253,84.0568544462514,-47.0789707110667,12.0783320539439,18.4889418675924,131.135825157318,1
315,0.904809619238477,84.1821332049478,-47.2004194374177,12.0464722023052,18.4908568837651,131.382552642366,1
316,0.918837675350701,84.3077668231981,-47.3221892019141,12.0143980546856,18.492788810642,131.629956025112,1
317,0.932865731462926,84.4337558896241,-47.4442808615946,11.982107453584,18.4947375140148,131.878036751219,1
318,0.94689378757515,84.5601009849871,-47.5666952757256,11.9495982126027,18.4967028546307,132.126796260713,1
319,0.960921843687375,84.6868026820439,-47.6894333058462,11.9168681159644,18.4986846880988,132.37623598789,1
320,0.974949899799599,84.8138615454019,-47.8124958158128,11.8839149180201,18.5006828647946,132.626357361215,1
321,0.988977955911824,84.9412781313729,-47.9358836718472,11.850736342747,18.5026972297628,132.87716180322,1
322,1.00300601202405,85.0690529878253,-48.0595977425858,11.8173300832362,18.5047276226197,133.128650730411,1
323,1.01703406813627,85.1971866540352,-48.1836388991304,11.7836938011699,18.5067738774524,133.380825553166,1
324,1.0310621242485,85.3256796605365,-48.3080080151013,11.7498251262886,18.5088358227176,133.633687675638,1
325,1.04509018036072,85.4545325289689,-48.4327059666924,11.7157216558469,18.5109132811383,133.887238495661,1
326,1.05911823647295,85.5837457719257,-48.557733632728,11.6813809540584,18.5130060695989,134.141479404654,1
327,1.07314629258517,85.7133198927993,-48.6830918947216,11.6468005515293,18.5151139990389,134.396411787521,1
328,1.08717434869739,85.8432553856263,-48.8087816369378,11.6119779446804,18.5172368743443,134.652037022564,1
329,1.10120240480962,85.9735527349305,-48.9348037464549,11.576910595157,18.5193744942378,134.908356481385,1
330,1.11523046092184,86.1042124155654,-49.061159113231,11.5415959292271,18.5215266511672,135.165371528796,1
331,1.12925851703407,86.235234892555,-49.1878486301721,11.5060313371663,18.5236931311914,135.423083522727,1
332,1.14328657314629,86.3666206209332,-49.3148731932025,11.4702141726309,18.5258737138653,135.681493814136,1
333,1.15731462925852,86.4983700455826,-49.4422337013376,11.434141752017,18.5280681721225,135.94060374692,1
334,1.17134268537074,86.6304836010718,-49.5699310567596,11.3978113538071,18.5302762721561,136.200414657831,1
335,1.18537074148297,86.7629617114907,-49.6979661648957,11.3612202179021,18.5324977732975,136.460927876386,1
336,1.19939879759519,86.8958047902857,-49.8263399344992,11.32436554494,18.5347324278932,136.722144724785,1
337,1.21342685370741,87.0290132400933,-49.9550532777331,11.2872444955997,18.5369799811801,136.984066517826,1
338,1.22745490981964,87.1625874525722,-50.0841071102566,11.2498541898899,18.5392401711578,137.246694562829,1
339,1.24148296593186,87.2965278082347,-50.2135023513154,11.2121917064237,18.5415127284596,137.51003015955,1
340,1.25551102204409,87.4308346762764,-50.343239923834,11.174254081677,18.5437973762212,137.77407460011,1
341,1.26953907815631,87.5655084144052,-50.4733207545118,11.1360383092309,18.5460938299467,138.038829168917,1
342,1.28356713426854,87.7005493686689,-50.6037457739226,11.0975413389983,18.5484017973732,138.304295142592,1
343,1.29759519038076,87.8359578732819,-50.7345159166171,11.0587600764339,18.5507209783324,138.570473789899,1
344,1.31162324649299,87.9717342504501,-50.8656321212291,11.0196913817264,18.5530510646105,138.837366371679,1
345,1.32565130260521,88.1078788101959,-50.9970953305854,10.9803320689738,18.5553917398052,139.104974140781,1
346,1.33967935871743,88.2443918501809,-51.1289064918196,10.9406789053407,18.5577426791806,139.373298342,1
347,1.35370741482966,88.3812736555279,-51.2610665564888,10.9007286101964,18.5601035495196,139.642340212017,1
348,1.36773547094188,88.5185244986426,-51.3935764806957,10.8604778542356,18.5624740089735,139.912100979338,1
349,1.38176352705411,88.6561446390329,-51.5264372252137,10.8199232585781,18.5648537069096,140.182581864247,1
350,1.39579158316633,88.7941343231281,-51.6596497556165,10.7790613938496,18.5672422837558,140.453784078745,1
351,1.40981963927856,88.9324937840971,-51.7932150424123,10.7378887792419,18.5696393708424,140.725708826509,1
352,1.42384769539078,89.071223241665,-51.9271340611826,10.696401881552,18.5720445902412,140.998357302848,1
353,1.43787575150301,89.2103229019292,-52.0614077927244,10.6545971142002,18.5744575546024,141.271730694654,1
354,1.45190380761523,89.3497929571746,-52.1960372231995,10.6124708362257,18.5768778669876,141.545830180374,1
355,1.46593186372745,89.4896335856874,-52.3310233442862,10.5700193512598,18.5793051207006,141.820656929974,1
356,1.47995991983968,89.6298449515684,-52.4663671533379,10.5272389064759,18.5817388991152,142.096212104906,1
357,1.4939879759519,89.7704272045454,-52.6020696535463,10.4841256915162,18.5841787754995,142.372496858092,1
358,1.50801603206413,89.9113804797842,-52.7381318541098,10.440675837393,18.5866243128372,142.649512333894,1
359,1.52204408817635,90.0527048976998,-52.8745547704079,10.3968854153659,18.589075063646,142.927259668108,1
360,1.53607214428858,90.1944005637657,-53.0113394241815,10.352750435793,18.5915305697921,143.205739987947,1
361,1.5501002004008,90.3364675683229,-53.1484868437185,10.3082668469554,18.5939903623022,143.484954412041,1
362,1.56412825651303,90.478905986388,-53.2859980640463,10.2634305338548,18.5964539611709,143.764904050434,1
363,1.57815631262525,90.621715877461,-53.4238741271302,10.2182373169838,18.5989208751654,144.045590004591,1
364,1.59218436873748,90.7648972853316,-53.5621160820788,10.1726829510667,18.6013906016264,144.32701336741,1
365,1.6062124248497,90.9084502378855,-53.7007249853555,10.1267631237716,18.603862626265,144.609175223241,1
366,1.62024048096192,91.0523747469097,-53.8397019009978,10.0804734543921,18.606336422956,144.892076647907,1
367,1.63426853707415,91.1966708078969,-53.9790479008433,10.0338094924984,18.6088114535268,145.17571870874,1
368,1.64829659318637,91.3413383998502,-54.1187640647635,9.98676671655632,18.6112871675434,145.460102464614,1
369,1.6623246492986,91.4863774850866,-54.2588514809054,9.93934053251335,18.6137630020906,145.745228965992,1
370,1.67635270541082,91.6317880090395,-54.3993112459405,9.89152627235196,18.6162383815495,146.03109925498,1
371,1.69038076152305,91.7775699000618,-54.5401444653228,9.84331919260774,18.6187127173695,146.317714365385,1
372,1.70440881763527,91.9237230692277,-54.681352253555,9.79471447285238,18.6211854078364,146.605075322783,1
373,1.7184368737475,92.0702474101344,-54.8229357344636,9.74570721414023,18.6236558378354,146.893183144598,1
374,1.73246492985972,92.2171427987036,-54.964896041483,9.69629243741737,18.6261233786103,147.182038840187,1
375,1.74649298597194,92.3644090929817,-55.1072343179494,9.64646508189228,18.6285873875161,147.471643410931,1
376,1.76052104208417,92.5120461329412,-55.2499517174039,9.59622000336685,18.6310472077686,147.761997850345,1
377,1.77454909819639,92.6600537402804,-55.3930494039064,9.54555197252686,18.633502168187,148.053103144187,1
378,1.78857715430862,92.8084317182237,-55.5365285523593,9.4944556731905,18.6359515829322,148.344960270583,1
379,1.80260521042084,92.9571798513212,-55.6803903488426,9.44292570051402,18.6383947512393,148.637570200164,1
380,1.81663326653307,93.1062979052488,-55.8246359909597,9.39095655915305,18.6408309571446,148.930933896209,1
381,1.83066132264529,93.2557856266072,-55.9692666881951,9.33854266137851,18.6432594692061,149.225052314802,1
382,1.84468937875752,93.4056427427219,-56.1142836622842,9.28567832514563,18.6456795402188,149.519926405006,1
383,1.85871743486974,93.5558689614421,-56.2596881475951,9.23235777211499,18.6480904069235,149.815557109037,1
384,1.87274549098196,93.7064639709407,-56.4054813915235,9.17857512562385,18.6504912897086,150.111945362464,1
385,1.88677354709419,93.8574274395135,-56.551664654901,9.12432440860662,18.6528813923062,150.409092094415,1
386,1.90080160320641,94.0087590153787,-56.6982392124176,9.06959954146284,18.6552599014806,150.706998227796,1
387,1.91482965931864,94.1604583264771,-56.845206353057,9.01439433987121,18.6576259867101,151.005664679534,1
388,1.92885771543086,94.3125249802716,-56.9925673805489,8.95870251254801,18.6599787998614,151.30509236082,1
389,1.94288577154309,94.4649585635477,-57.1403236138347,8.90251765894834,18.6623174748565,151.605282177382,1
390,1.95691382765531,94.6177586422139,-57.2884763875506,8.8458332669085,18.6646411273317,151.906235029765,1
391,1.97094188376753,94.7709247611027,-57.437027052526,8.78864271022759,18.6669488542884,152.207951813629,1
392,1.98496993987976,94.9244564437718,-57.5859769763,8.73093924618692,18.6692397337359,152.510433420072,1
393,1.99899799599198,95.0783531923056,-57.7353275436553,8.67271601300483,18.6715128243252,152.813680735961,1
394,2.01302605210421,95.232614487118,-57.8850801571702,8.6139660272254,18.6737671649739,153.117694644288,1
395,2.02705410821643,95.3872397867545,-58.0352362377902,8.55468218103899,18.6760017744821,153.422476024545,1
396,2.04108216432866,95.5422285276964,-58.1857972254196,8.4948572395323,18.6782156511384,153.728025753116,1
397,2.05511022044088,95.6975801241643,-58.3367645795328,8.43448383786613,18.6804077723157,154.034344703697,1
398,2.06913827655311,95.8532939679233,-58.4881397798083,8.37355447837849,18.6825770940575,154.341433747732,1
399,2.08316633266533,96.0093694280885,-58.6399243267837,8.31206152761063,18.6847225506524,154.649293754872,1
400,2.09719438877756,96.1658058509315,-58.7921197425347,8.24999721325404,18.6868430541984,154.957925593466,1
401,2.11122244488978,96.322602559688,-58.9447275713777,8.18735362101543,18.6889374941551,155.267330131066,1
402,2.125250501002,96.479758854366,-59.0977493805974,8.12412269139762,18.6910047368843,155.577508234963,1
403,2.13927855711423,96.6372740115554,-59.2511867612005,8.06029621639352,18.6930436251775,155.888460772756,1
404,2.15330661322645,96.7951472842385,-59.4050413286959,7.99586583609046,18.6950529777713,156.200188612934,1
405,2.16733466933868,96.9533779016016,-59.5593147239037,7.93082303518213,18.697031588849,156.512692625505,1
406,2.1813627254509,97.1119650688482,-59.7140086137928,7.86515913938525,18.6989782275277,156.825973682641,1
407,2.19539078156313,97.2709079670131,-59.8691246923494,7.79886531175786,18.7008916373319,157.140032659362,1
408,2.20941883767535,97.4302057527779,-60.0246646814762,7.7319325489162,18.7027705356509,157.454870434254,1
409,2.22344689378758,97.5898575582885,-60.1806303319259,7.66435167714693,18.7046136131813,157.770487890214,1
410,2.2374749498998,97.7498624909732,-60.337023424268,7.59611334841129,18.7064195333526,158.086885915241,1
411,2.25150300601202,97.9102196333629,-60.4938457698916,7.52720803623789,18.7081869317356,158.404065403254,1
412,2.26553106212425,98.0709280429131,-60.6510992120454,7.45762603150031,18.7099144154339,158.722027254959,1
413,2.27955911823647,98.2319867518274,-60.8087856269171,7.38735743807592,18.7116005624552,159.040772378744,1
414,2.2935871743487,98.3933947668824,-60.9669069247523,7.3163921683822,18.713243921065,159.360301691635,1
415,2.30761523046092,98.5551510692553,-61.125465051017,7.24471993878622,18.7148430091191,159.680616120272,1
416,2.32164328657315,98.7172546143525,-61.2844619876025,7.17233026488343,18.716396313375,160.001716601955,1
417,2.33567134268537,98.8797043316412,-61.443899754078,7.0992124566413,18.7179022887816,160.323604085719,1
418,2.3496993987976,99.0424991244821,-61.6037804089903,7.02535561340356,18.7193593577459,160.646279533472,1
419,2.36372745490982,99.2056378699648,-61.7641060512136,6.95074861875,18.7207659093756,160.969743921178,1
420,2.37775551102204,99.3691194187454,-61.9248788213527,6.87538013520754,18.7221202986963,161.293998240098,1
421,2.39178356713427,99.5329425948864,-62.0861009031999,6.79923859880729,18.7234208458433,161.619043498086,1
422,2.40581162324649,99.6971061956988,-62.2477745252499,6.72231221348235,18.7246658352245,161.944880720949,1
423,2.41983967935872,99.8616089915869,-62.4099019622746,6.64458894530134,18.7258535146561,162.271510953861,1
424,2.43386773547094,100.026449725895,-62.5724855369604,6.56605651653174,18.7269820944674,162.598935262856,1
425,2.44789579158317,100.191627114759,-62.7355276216113,6.48670239952754,18.7280497465737,162.92715473637,1
426,2.46192384769539,100.357139846955,-62.8990306399209,6.40651381043501,18.7290546035172,163.256170486876,1
427,2.47595190380762,100.522986583761,-63.062997068816,6.32547770271041,18.7299947574723,163.585983652577,1
428,2.48997995991984,100.689165958807,-63.2274294403764,6.24358076044328,18.7308682592153,163.916595399184,1
429,2.50400801603206,100.855676577944,-63.3923303438331,6.16080939147847,18.7316731170554,164.248006921777,1
430,2.51803607214429,101.022517019103,-63.5577024276501,6.07714972033,18.7324072957263,164.580219446753,1
431,2.53206412825651,101.189685832163,-63.7235484016923,5.99258758087947,18.7330687152353,164.913234233855,1
432,2.54609218436874,101.357181538824,-63.8898710394864,5.90710850885153,18.7336552496686,165.24705257831,1
433,2.56012024048096,101.525002632477,-64.0566731805765,5.8206977340585,18.7341647259503,165.581675813053,1
434,2.57414829659319,101.693147578085,-64.2239577329805,5.73334017240614,18.7345949225521,165.917105311065,1
435,2.58817635270541,101.861614812059,-64.3917276757535,5.64502041765199,18.7349435681527,166.253342487812,1
436,2.60220440881764,102.030402742146,-64.5599860616616,5.55572273290753,18.7352083402422,166.590388803808,1
437,2.61623246492986,102.199509747315,-64.7287360199734,5.46543104187503,18.7353868636706,166.928245767288,1
438,2.63026052104208,102.368934177646,-64.897980759375,5.37412891980961,18.7354767091355,167.266914937021,1
439,2.64428857715431,102.53867435423,-65.0677235710142,5.28179958419648,18.7354753916078,167.606397925244,1
440,2.65831663326653,102.708728569063,-65.237967831683,5.18842588513334,18.7353803686898,167.946696400746,1
441,2.67234468937876,102.879095084951,-65.4087170071424,5.09399029540691,18.7351890389044,168.287812092094,1
442,2.68637274549098,103.049772135418,-65.5799746556013,4.99847490025266,18.7348987399084,168.629746791019,1
443,2.70040080160321,103.220757924614,-65.7517444313543,4.90186138678621,18.7345067466299,168.972502355968,1
444,2.71442885771543,103.392050627232,-65.9240300885899,4.804131033094,18.7340102693212,169.316080715822,1
445,2.72845691382766,103.563648388428,-66.0968354853776,4.70526469697109,18.733406451525,169.660483873805,1
446,2.74248496993988,103.735549323741,-66.270164587844,4.60524280429275,18.7326923679483,170.005713911585,1
447,2.7565130260521,103.907751519026,-66.4440214745484,4.50404533700621,18.7318650222386,170.351772993574,1
448,2.77054108216433,104.080253030384,-66.6184103410712,4.40165182072848,18.7309213446561,170.698663371455,1
449,2.78456913827655,104.253051884098,-66.7933355048252,4.29804131193555,18.7298581896365,171.046387388923,1
450,2.79859719438878,104.426146076579,-66.9688014101049,4.19319238472727,18.7286723332373,171.394947486684,1
451,2.812625250501,104.599533574309,-67.1448126333869,4.08708311715219,18.7273604704611,171.744346207696,1
452,2.82665330661323,104.773212313793,-67.3213738888979,3.97969107707547,18.7259192124474,172.09458620269,1
453,2.84068136272545,104.947180201515,-67.4984900344644,3.87099330757253,18.7243450835255,172.44567023598,1
454,2.85470941883768,105.121435113904,-67.6761660776645,3.76096631183013,18.7226345181198,172.797601191569,1
455,2.8687374749499,105.295974897294,-67.8544071822987,3.64958603753617,18.7207838574975,173.150382079592,1
456,2.88276553106212,105.470797367898,-68.0332186752001,3.53682786073826,18.7187893463492,173.504016043098,1
457,2.89679358717435,105.645900311789,-68.2126060534067,3.42266656915065,18.7166471291911,173.858506365196,1
458,2.91082164328657,105.821281484874,-68.3925749917186,3.3070763448879,18.7143532465779,174.213856476593,1
459,2.9248496993988,105.996938612891,-68.5731313506654,3.19003074660301,18.7119036311126,174.570069963556,1
460,2.93887775551102,106.172869391392,-68.7542811849113,3.07150269100659,18.7092941032401,174.927150576303,1
461,2.95290581162325,106.34907148575,-68.9360307521278,2.95146443374267,18.7065203668112,175.285102237878,1
462,2.96693386773547,106.52554253116,-69.118386522364,2.82988754959592,18.7035780043982,175.643929053524,1
463,2.9809619238477,106.702280132648,-69.3013551879516,2.70674291200326,18.7004624723483,176.0036353206,1
464,2.99498997995992,106.879281865087,-69.4849436739797,2.58200067184282,18.6971690955535,176.364225539067,1
465,3.00901803607214,107.056545273219,-69.6691591493809,2.45563023547073,18.6936930619189,176.7257044226,1
466,3.02304609218437,107.234067871682,-69.8540090386717,2.3276002419759,18.690029416505,177.088076910353,1
467,3.03707414829659,107.411847145044,-70.0395010343958,2.19787853962107,18.6861730553238,177.451348179439,1
468,3.05110220440882,107.58988054784,-70.2256431103213,2.06643216143737,18.6821187187595,177.815523658162,1
469,3.06513026052104,107.768165504622,-70.4124435354475,1.93322729993789,18.6778609845874,178.18060904007,1
470,3.07915831663327,107.946699410005,-70.5999108888847,1.79822928091437,18.6733942605604,178.54661029889,1
471,3.09318637274549,108.125479628729,-70.7880540756705,1.66140253627951,18.6687127765291,178.913533704399,1
472,3.10721442885772,108.304503495719,-70.9768823435999,1.52271057591574,18.6638105760593,179.281385839318,1
473,3.12124248496994,108.483768316159,-71.1664053011445,1.38211595848937,18.6586815075074,179.650173617304,1
474,3.13527054108216,108.663271365569,-71.3566329365513,1.2395802611876,18.653319214509,180.019904302121,1
475,3.14929859719439,108.843009889885,-71.5475756382164,1.09506404833332,18.6477171258343,180.390585528101,1
476,3.16332665330661,109.02298110555,-71.7392442164368,0.948526838831325,18.6418684445566,180.762225321987,1
477,3.17735470941884,109.203182199612,-71.9316499266582,0.799927072396835,18.6357661364767,181.13483212627,1
478,3.19138276553106,109.383610329823,-72.1248044943446,0.649222074515461,18.6294029177393,181.508414824168,1
479,3.20541082164329,109.564262624754,-72.3187201416096,0.496368020081212,18.6227712415723,181.882982766364,1
480,3.21943887775551,109.745136183907,-72.5134096157646,0.341319895656636,18.6158632840709,182.258545799671,1
481,3.23346693386774,109.926228077837,-72.7088862199546,0.18403146029708,18.608670928941,182.635114297791,1
482,3.24749498997996,110.107535348286,-72.90516384607,0.0244552048777776,18.6011857511078,183.012699194356,1
483,3.26152304609218,110.289055008316,-73.1022570101454,-0.137457690139737,18.5933989990854,183.391312018462,1
484,3.27555110220441,110.470784042456,-73.3001808904777,-0.301757398568565,18.585301575989,183.770964932933,1
485,3.28957915831663,110.652719406846,-73.4989513687215,-0.468495494054433,18.5768840190621,184.151670775567,1
486,3.30360721442886,110.834858029401,-73.6985850742535,-0.637724997403538,18.5681364775735,184.533443103654,1
487,3.31763527054108,111.01719680997,-73.899099432126,-0.809500425756424,18.5590486889221,184.916296242096,1
488,3.33166332665331,111.199732620512,-74.1005127149708,-0.983877843687361,18.5496099527706,185.300245335483,1
489,3.34569138276553,111.382462305269,-74.3028440992597,-1.16091491631273,18.5398091030048,185.685306404529,1
490,3.35971943887776,111.565382680955,-74.5061137263735,-1.34067096449506,18.5296344772908,186.071496407329,1
491,3.37374749498998,111.748490536946,-74.710342768994,-1.52320702223397,18.5190738839759,186.45883330594,1
492,3.3877755511022,111.93178263548,-74.9155535033931,-1.70858589633897,18.5081145660432,186.847336138873,1
493,3.40180360721443,112.115255711863,-75.1217693882744,-1.89687222848333,18.4967431617942,187.237025100137,1
494,3.41583166332665,112.298906474684,-75.3290151509049,-2.0881325597431,18.4849456618897,187.627921625589,1
495,3.42985971943888,112.482731606034,-75.5373168813775,-2.28243539772951,18.4727073623284,188.020048487412,1
496,3.4438877755511,112.666727761734,-75.746702135963,-2.47985128642838,18.4600128128853,188.413429897697,1
497,3.45791583166333,112.850891571568,-75.9572000506428,-2.68045287886454,18.4468457604624,188.80809162221,1
498,3.47194388777555,113.035219639528,-76.1688414660758,-2.88431501271516,18.4331890867261,189.204061105604,1
499,3.48597194388778,113.219708544063,-76.3816590654375,-3.09151478900095,18.4190247393125,189.6013676095,1
500,3.5,113.40435483833,-76.5956875267879,-3.30213165398996,18.4043336557711,190.000042365118,1
